Workbook

Sheet workings
A1: waste | B1: waste | J1: Prediction
A2: safety | B2: safety | J2: road | K2: waste | L2: safety | M2: water
A3: safety | B3: safety | H3: Actual | I3: road | J3: =COUNTIFS($B:$B,J$2,$A:$A,$I3) -> 8 | K3: =COUNTIFS($B:$B,K$2,$A:$A,$I3) -> 4 | L3: =COUNTIFS($B:$B,L$2,$A:$A,$I3) -> 12 | M3: =COUNTIFS($B:$B,M$2,$A:$A,$I3) -> 6
A4: road | B4: safety | I4: waste | J4: =COUNTIFS($B:$B,J$2,$A:$A,$I4) -> 2 | K4: =COUNTIFS($B:$B,K$2,$A:$A,$I4) -> 20 | L4: =COUNTIFS($B:$B,L$2,$A:$A,$I4) -> 8 | M4: =COUNTIFS($B:$B,M$2,$A:$A,$I4) -> 0
A5: safety | B5: safety | I5: safety | J5: =COUNTIFS($B:$B,J$2,$A:$A,$I5) -> 9 | K5: =COUNTIFS($B:$B,K$2,$A:$A,$I5) -> 2 | L5: =COUNTIFS($B:$B,L$2,$A:$A,$I5) -> 18 | M5: =COUNTIFS($B:$B,M$2,$A:$A,$I5) -> 1
A6: water | B6: water | I6: water | J6: =COUNTIFS($B:$B,J$2,$A:$A,$I6) -> 1 | K6: =COUNTIFS($B:$B,K$2,$A:$A,$I6) -> 4 | L6: =COUNTIFS($B:$B,L$2,$A:$A,$I6) -> 0 | M6: =COUNTIFS($B:$B,M$2,$A:$A,$I6) -> 25
A7: water | B7: water
A8: waste | B8: safety
A9: water | B9: water
A10: waste | B10: waste
A11: road | B11: water
A12: road | B12: safety
A13: waste | B13: waste
A14: road | B14: safety
A15: road | B15: safety
A16: waste | B16: waste
A17: water | B17: waste
A18: safety | B18: safety
... A120: waste | B120: waste

Sheet Summary
A1: Summary | C1: Test # | D1: rand_42 | E1: rand_42 | F1: rand_1 | G1: rand_1 | H1: rand_2 | I1: rand_2 | J1: rand_3 | K1: rand_3 | L1: rand_4 | M1: rand_4 | N1: rand_5 | O1: rand_5 | P1: rand_6 | Q1: rand_6 | R1: rand_7 | S1: rand_7 | T1: rand_8 | U1: rand_8 | V1: rand_9 | W1: rand_9
A2: Test | B2: Accuracy | C2: 1 | D2: {=INDIRECT("'"&D$1&"'!" & ADDRESS($C2+1,3))} -> waste | E2: {=INDIRECT("'"&E$1&"'!" & ADDRESS($C2+1,4))} -> waste | F2: {=INDIRECT("'"&F$1&"'!" & ADDRESS($C2+1,3))} -> waste | G2: {=INDIRECT("'"&G$1&"'!" & ADDRESS($C2+1,4))} -> waste | H2: {=INDIRECT("'"&H$1&"'!" & ADDRESS($C2+1,3))} -> safety | I2: {=INDIRECT("'"&I$1&"'!" & ADDRESS($C2+1,4))} -> safety | J2: {=INDIRECT("'"&J$1&"'!" & ADDRESS($C2+1,3))} -> water | K2: {=INDIRECT("'"&K$1&"'!" & ADDRESS($C2+1,4))} -> water | L2: {=INDIRECT("'"&L$1&"'!" & ADDRESS($C2+1,3))} -> safety | M2: {=INDIRECT("'"&M$1&"'!" & ADDRESS($C2+1,4))} -> safety | N2: {=INDIRECT("'"&N$1&"'!" & ADDRESS($C2+1,3))} -> safety | O2: {=INDIRECT("'"&O$1&"'!" & ADDRESS($C2+1,4))} -> safety | P2: {=INDIRECT("'"&P$1&"'!" & ADDRESS($C2+1,3))} -> water | Q2: {=INDIRECT("'"&Q$1&"'!" & ADDRESS($C2+1,4))} -> waste | R2: {=INDIRECT("'"&R$1&"'!" & ADDRESS($C2+1,3))} -> road | S2: {=INDIRECT("'"&S$1&"'!" & ADDRESS($C2+1,4))} -> water | T2: {=INDIRECT("'"&T$1&"'!" & ADDRESS($C2+1,3))} -> safety | U2: {=INDIRECT("'"&U$1&"'!" & ADDRESS($C2+1,4))} -> road | V2: {=INDIRECT("'"&V$1&"'!" & ADDRESS($C2+1,3))} -> water | W2: {=INDIRECT("'"&W$1&"'!" & ADDRESS($C2+1,4))} -> water
A3: 1 | B3: =rand_42!F2 -> 0.66666667 | C3: 2 | D3: {=INDIRECT("'"&D$1&"'!" & ADDRESS($C3+1,3))} -> safety | E3: {=INDIRECT("'"&E$1&"'!" & ADDRESS($C3+1,4))} -> safety | F3: {=INDIRECT("'"&F$1&"'!" & ADDRESS($C3+1,3))} -> road | G3: {=INDIRECT("'"&G$1&"'!" & ADDRESS($C3+1,4))} -> safety | H3: {=INDIRECT("'"&H$1&"'!" & ADDRESS($C3+1,3))} -> water | I3: {=INDIRECT("'"&I$1&"'!" & ADDRESS($C3+1,4))} -> water | J3: {=INDIRECT("'"&J$1&"'!" & ADDRESS($C3+1,3))} -> safety | K3: {=INDIRECT("'"&K$1&"'!" & ADDRESS($C3+1,4))} -> road | L3: {=INDIRECT("'"&L$1&"'!" & ADDRESS($C3+1,3))} -> safety | M3: {=INDIRECT("'"&M$1&"'!" & ADDRESS($C3+1,4))} -> road | N3: {=INDIRECT("'"&N$1&"'!" & ADDRESS($C3+1,3))} -> water | O3: {=INDIRECT("'"&O$1&"'!" & ADDRESS($C3+1,4))} -> water | P3: {=INDIRECT("'"&P$1&"'!" & ADDRESS($C3+1,3))} -> waste | Q3: {=INDIRECT("'"&Q$1&"'!" & ADDRESS($C3+1,4))} -> waste | R3: {=INDIRECT("'"&R$1&"'!" & ADDRESS($C3+1,3))} -> road | S3: {=INDIRECT("'"&S$1&"'!" & ADDRESS($C3+1,4))} -> safety | T3: {=INDIRECT("'"&T$1&"'!" & ADDRESS($C3+1,3))} -> waste | U3: {=INDIRECT("'"&U$1&"'!" & ADDRESS($C3+1,4))} -> waste | V3: {=INDIRECT("'"&V$1&"'!" & ADDRESS($C3+1,3))} -> water | W3: {=INDIRECT("'"&W$1&"'!" & ADDRESS($C3+1,4))} -> water
A4: 2 | B4: =rand_1!$F$2 -> 0.5 | C4: 3 | D4: {=INDIRECT("'"&D$1&"'!" & ADDRESS($C4+1,3))} -> safety | E4: {=INDIRECT("'"&E$1&"'!" & ADDRESS($C4+1,4))} -> safety | F4: {=INDIRECT("'"&F$1&"'!" & ADDRESS($C4+1,3))} -> road | G4: {=INDIRECT("'"&G$1&"'!" & ADDRESS($C4+1,4))} -> safety | H4: {=INDIRECT("'"&H$1&"'!" & ADDRESS($C4+1,3))} -> road | I4: {=INDIRECT("'"&I$1&"'!" & ADDRESS($C4+1,4))} -> road | J4: {=INDIRECT("'"&J$1&"'!" & ADDRESS($C4+1,3))} -> waste | K4: {=INDIRECT("'"&K$1&"'!" & ADDRESS($C4+1,4))} -> safety | L4: {=INDIRECT("'"&L$1&"'!" & ADDRESS($C4+1,3))} -> water | M4: {=INDIRECT("'"&M$1&"'!" & ADDRESS($C4+1,4))} -> water | N4: {=INDIRECT("'"&N$1&"'!" & ADDRESS($C4+1,3))} -> road | O4: {=INDIRECT("'"&O$1&"'!" & ADDRESS($C4+1,4))} -> safety | P4: {=INDIRECT("'"&P$1&"'!" & ADDRESS($C4+1,3))} -> road | Q4: {=INDIRECT("'"&Q$1&"'!" & ADDRESS($C4+1,4))} -> road | R4: {=INDIRECT("'"&R$1&"'!" & ADDRESS($C4+1,3))} -> road | S4: {=INDIRECT("'"&S$1&"'!" & ADDRESS($C4+1,4))} -> safety | T4: {=INDIRECT("'"&T$1&"'!" & ADDRESS($C4+1,3))} -> waste | U4: {=INDIRECT("'"&U$1&"'!" & ADDRESS($C4+1,4))} -> safety | V4: {=INDIRECT("'"&V$1&"'!" & ADDRESS($C4+1,3))} -> waste | W4: {=INDIRECT("'"&W$1&"'!" & ADDRESS($C4+1,4))} -> waste
A5: 3 | B5: =rand_2!$F$2 -> 0.66666667 | C5: 4 | D5: {=INDIRECT("'"&D$1&"'!" & ADDRESS($C5+1,3))} -> road | E5: {=INDIRECT("'"&E$1&"'!" & ADDRESS($C5+1,4))} -> safety | F5: {=INDIRECT("'"&F$1&"'!" & ADDRESS($C5+1,3))} -> waste | G5: {=INDIRECT("'"&G$1&"'!" & ADDRESS($C5+1,4))} -> waste | H5: {=INDIRECT("'"&H$1&"'!" & ADDRESS($C5+1,3))} -> road | I5: {=INDIRECT("'"&I$1&"'!" & ADDRESS($C5+1,4))} -> safety | J5: {=INDIRECT("'"&J$1&"'!" & ADDRESS($C5+1,3))} -> road | K5: {=INDIRECT("'"&K$1&"'!" & ADDRESS($C5+1,4))} -> water | L5: {=INDIRECT("'"&L$1&"'!" & ADDRESS($C5+1,3))} -> waste | M5: {=INDIRECT("'"&M$1&"'!" & ADDRESS($C5+1,4))} -> waste | N5: {=INDIRECT("'"&N$1&"'!" & ADDRESS($C5+1,3))} -> water | O5: {=INDIRECT("'"&O$1&"'!" & ADDRESS($C5+1,4))} -> waste | P5: {=INDIRECT("'"&P$1&"'!" & ADDRESS($C5+1,3))} -> water | Q5: {=INDIRECT("'"&Q$1&"'!" & ADDRESS($C5+1,4))} -> water | R5: {=INDIRECT("'"&R$1&"'!" & ADDRESS($C5+1,3))} -> water | S5: {=INDIRECT("'"&S$1&"'!" & ADDRESS($C5+1,4))} -> water | T5: {=INDIRECT("'"&T$1&"'!" & ADDRESS($C5+1,3))} -> waste | U5: {=INDIRECT("'"&U$1&"'!" & ADDRESS($C5+1,4))} -> safety | V5: {=INDIRECT("'"&V$1&"'!" & ADDRESS($C5+1,3))} -> safety | W5: {=INDIRECT("'"&W$1&"'!" & ADDRESS($C5+1,4))} -> road
A6: 4 | B6: =rand_3!$F$2 -> 0.58333333 | C6: 5 | D6: {=INDIRECT("'"&D$1&"'!" & ADDRESS($C6+1,3))} -> safety | E6: {=INDIRECT("'"&E$1&"'!" & ADDRESS($C6+1,4))} -> safety | F6: {=INDIRECT("'"&F$1&"'!" & ADDRESS($C6+1,3))} -> water | G6: {=INDIRECT("'"&G$1&"'!" & ADDRESS($C6+1,4))} -> waste | H6: {=INDIRECT("'"&H$1&"'!" & ADDRESS($C6+1,3))} -> water | I6: {=INDIRECT("'"&I$1&"'!" & ADDRESS($C6+1,4))} -> water | J6: {=INDIRECT("'"&J$1&"'!" & ADDRESS($C6+1,3))} -> waste | K6: {=INDIRECT("'"&K$1&"'!" & ADDRESS($C6+1,4))} -> waste | L6: {=INDIRECT("'"&L$1&"'!" & ADDRESS($C6+1,3))} -> road | M6: {=INDIRECT("'"&M$1&"'!" & ADDRESS($C6+1,4))} -> water | N6: {=INDIRECT("'"&N$1&"'!" & ADDRESS($C6+1,3))} -> waste | O6: {=INDIRECT("'"&O$1&"'!" & ADDRESS($C6+1,4))} -> waste | P6: {=INDIRECT("'"&P$1&"'!" & ADDRESS($C6+1,3))} -> water | Q6: {=INDIRECT("'"&Q$1&"'!" & ADDRESS($C6+1,4))} -> water | R6: {=INDIRECT("'"&R$1&"'!" & ADDRESS($C6+1,3))} -> safety | S6: {=INDIRECT("'"&S$1&"'!" & ADDRESS($C6+1,4))} -> safety | T6: {=INDIRECT("'"&T$1&"'!" & ADDRESS($C6+1,3))} -> water | U6: {=INDIRECT("'"&U$1&"'!" & ADDRESS($C6+1,4))} -> water | V6: {=INDIRECT("'"&V$1&"'!" & ADDRESS($C6+1,3))} -> safety | W6: {=INDIRECT("'"&W$1&"'!" & ADDRESS($C6+1,4))} -> road
A7: 5 | B7: =rand_4!$F$2 -> 0.58333333 | C7: 6 | D7: {=INDIRECT("'"&D$1&"'!" & ADDRESS($C7+1,3))} -> water | E7: {=INDIRECT("'"&E$1&"'!" & ADDRESS($C7+1,4))} -> water | F7: {=INDIRECT("'"&F$1&"'!" & ADDRESS($C7+1,3))} -> safety | G7: {=INDIRECT("'"&G$1&"'!" & ADDRESS($C7+1,4))} -> safety | H7: {=INDIRECT("'"&H$1&"'!" & ADDRESS($C7+1,3))} -> road | I7: {=INDIRECT("'"&I$1&"'!" & ADDRESS($C7+1,4))} -> road | J7: {=INDIRECT("'"&J$1&"'!" & ADDRESS($C7+1,3))} -> safety | K7: {=INDIRECT("'"&K$1&"'!" & ADDRESS($C7+1,4))} -> safety | L7: {=INDIRECT("'"&L$1&"'!" & ADDRESS($C7+1,3))} -> road | M7: {=INDIRECT("'"&M$1&"'!" & ADDRESS($C7+1,4))} -> waste | N7: {=INDIRECT("'"&N$1&"'!" & ADDRESS($C7+1,3))} -> safety | O7: {=INDIRECT("'"&O$1&"'!" & ADDRESS($C7+1,4))} -> waste | P7: {=INDIRECT("'"&P$1&"'!" & ADDRESS($C7+1,3))} -> safety | Q7: {=INDIRECT("'"&Q$1&"'!" & ADDRESS($C7+1,4))} -> safety | R7: {=INDIRECT("'"&R$1&"'!" & ADDRESS($C7+1,3))} -> water | S7: {=INDIRECT("'"&S$1&"'!" & ADDRESS($C7+1,4))} -> water | T7: {=INDIRECT("'"&T$1&"'!" & ADDRESS($C7+1,3))} -> safety | U7: {=INDIRECT("'"&U$1&"'!" & ADDRESS($C7+1,4))} -> road | V7: {=INDIRECT("'"&V$1&"'!" & ADDRESS($C7+1,3))} -> road | W7: {=INDIRECT("'"&W$1&"'!" & ADDRESS($C7+1,4))} -> safety
A8: 6 | B8: =rand_5!$F$2 -> 0.58333333 | C8: 7 | D8: {=INDIRECT("'"&D$1&"'!" & ADDRESS($C8+1,3))} -> water | E8: {=INDIRECT("'"&E$1&"'!" & ADDRESS($C8+1,4))} -> water | F8: {=INDIRECT("'"&F$1&"'!" & ADDRESS($C8+1,3))} -> water | G8: {=INDIRECT("'"&G$1&"'!" & ADDRESS($C8+1,4))} -> waste | H8: {=INDIRECT("'"&H$1&"'!" & ADDRESS($C8+1,3))} -> waste | I8: {=INDIRECT("'"&I$1&"'!" & ADDRESS($C8+1,4))} -> safety | J8: {=INDIRECT("'"&J$1&"'!" & ADDRESS($C8+1,3))} -> water | K8: {=INDIRECT("'"&K$1&"'!" & ADDRESS($C8+1,4))} -> water | L8: {=INDIRECT("'"&L$1&"'!" & ADDRESS($C8+1,3))} -> safety | M8: {=INDIRECT("'"&M$1&"'!" & ADDRESS($C8+1,4))} -> safety | N8: {=INDIRECT("'"&N$1&"'!" & ADDRESS($C8+1,3))} -> waste | O8: {=INDIRECT("'"&O$1&"'!" & ADDRESS($C8+1,4))} -> waste | P8: {=INDIRECT("'"&P$1&"'!" & ADDRESS($C8+1,3))} -> waste | Q8: {=INDIRECT("'"&Q$1&"'!" & ADDRESS($C8+1,4))} -> waste | R8: {=INDIRECT("'"&R$1&"'!" & ADDRESS($C8+1,3))} -> safety | S8: {=INDIRECT("'"&S$1&"'!" & ADDRESS($C8+1,4))} -> safety | T8: {=INDIRECT("'"&T$1&"'!" & ADDRESS($C8+1,3))} -> road | U8: {=INDIRECT("'"&U$1&"'!" & ADDRESS($C8+1,4))} -> road | V8: {=INDIRECT("'"&V$1&"'!" & ADDRESS($C8+1,3))} -> water | W8: {=INDIRECT("'"&W$1&"'!" & ADDRESS($C8+1,4))} -> water
A9: 7 | B9: =rand_6!$F$2 -> 0.66666667 | C9: 8 | D9: {=INDIRECT("'"&D$1&"'!" & ADDRESS($C9+1,3))} -> waste | E9: {=INDIRECT("'"&E$1&"'!" & ADDRESS($C9+1,4))} -> safety | F9: {=INDIRECT("'"&F$1&"'!" & ADDRESS($C9+1,3))} -> road | G9: {=INDIRECT("'"&G$1&"'!" & ADDRESS($C9+1,4))} -> waste | H9: {=INDIRECT("'"&H$1&"'!" & ADDRESS($C9+1,3))} -> waste | I9: {=INDIRECT("'"&I$1&"'!" & ADDRESS($C9+1,4))} -> road | J9: {=INDIRECT("'"&J$1&"'!" & ADDRESS($C9+1,3))} -> safety | K9: {=INDIRECT("'"&K$1&"'!" & ADDRESS($C9+1,4))} -> safety | L9: {=INDIRECT("'"&L$1&"'!" & ADDRESS($C9+1,3))} -> waste | M9: {=INDIRECT("'"&M$1&"'!" & ADDRESS($C9+1,4))} -> waste | N9: {=INDIRECT("'"&N$1&"'!" & ADDRESS($C9+1,3))} -> safety | O9: {=INDIRECT("'"&O$1&"'!" & ADDRESS($C9+1,4))} -> safety | P9: {=INDIRECT("'"&P$1&"'!" & ADDRESS($C9+1,3))} -> safety | Q9: {=INDIRECT("'"&Q$1&"'!" & ADDRESS($C9+1,4))} -> road | R9: {=INDIRECT("'"&R$1&"'!" & ADDRESS($C9+1,3))} -> water | S9: {=INDIRECT("'"&S$1&"'!" & ADDRESS($C9+1,4))} -> water | T9: {=INDIRECT("'"&T$1&"'!" & ADDRESS($C9+1,3))} -> safety | U9: {=INDIRECT("'"&U$1&"'!" & ADDRESS($C9+1,4))} -> safety | V9: {=INDIRECT("'"&V$1&"'!" & ADDRESS($C9+1,3))} -> road | W9: {=INDIRECT("'"&W$1&"'!" & ADDRESS($C9+1,4))} -> waste
A10: 8 | B10: =rand_7!$F$2 -> 0.66666667 | C10: 9 | D10: {=INDIRECT("'"&D$1&"'!" & ADDRESS($C10+1,3))} -> water | E10: {=INDIRECT("'"&E$1&"'!" & ADDRESS($C10+1,4))} -> water | F10: {=INDIRECT("'"&F$1&"'!" & ADDRESS($C10+1,3))} -> water | G10: {=INDIRECT("'"&G$1&"'!" & ADDRESS($C10+1,4))} -> water | H10: {=INDIRECT("'"&H$1&"'!" & ADDRESS($C10+1,3))} -> safety | I10: {=INDIRECT("'"&I$1&"'!" & ADDRESS($C10+1,4))} -> water | J10: {=INDIRECT("'"&J$1&"'!" & ADDRESS($C10+1,3))} -> waste | K10: {=INDIRECT("'"&K$1&"'!" & ADDRESS($C10+1,4))} -> safety | L10: {=INDIRECT("'"&L$1&"'!" & ADDRESS($C10+1,3))} -> waste | M10: {=INDIRECT("'"&M$1&"'!" & ADDRESS($C10+1,4))} -> road | N10: {=INDIRECT("'"&N$1&"'!" & ADDRESS($C10+1,3))} -> road | O10: {=INDIRECT("'"&O$1&"'!" & ADDRESS($C10+1,4))} -> road | P10: {=INDIRECT("'"&P$1&"'!" & ADDRESS($C10+1,3))} -> road | Q10: {=INDIRECT("'"&Q$1&"'!" & ADDRESS($C10+1,4))} -> road | R10: {=INDIRECT("'"&R$1&"'!" & ADDRESS($C10+1,3))} -> waste | S10: {=INDIRECT("'"&S$1&"'!" & ADDRESS($C10+1,4))} -> waste | T10: {=INDIRECT("'"&T$1&"'!" & ADDRESS($C10+1,3))} -> road | U10: {=INDIRECT("'"&U$1&"'!" & ADDRESS($C10+1,4))} -> water | V10: {=INDIRECT("'"&V$1&"'!" & ADDRESS($C10+1,3))} -> safety | W10: {=INDIRECT("'"&W$1&"'!" & ADDRESS($C10+1,4))} -> waste
A11: 9 | B11: =rand_8!$F$2 -> 0.5 | C11: 10 | D11: {=INDIRECT("'"&D$1&"'!" & ADDRESS($C11+1,3))} -> waste | E11: {=INDIRECT("'"&E$1&"'!" & ADDRESS($C11+1,4))} -> waste | F11: {=INDIRECT("'"&F$1&"'!" & ADDRESS($C11+1,3))} -> safety | G11: {=INDIRECT("'"&G$1&"'!" & ADDRESS($C11+1,4))} -> road | H11: {=INDIRECT("'"&H$1&"'!" & ADDRESS($C11+1,3))} -> safety | I11: {=INDIRECT("'"&I$1&"'!" & ADDRESS($C11+1,4))} -> safety | J11: {=INDIRECT("'"&J$1&"'!" & ADDRESS($C11+1,3))} -> road | K11: {=INDIRECT("'"&K$1&"'!" & ADDRESS($C11+1,4))} -> waste | L11: {=INDIRECT("'"&L$1&"'!" & ADDRESS($C11+1,3))} -> water | M11: {=INDIRECT("'"&M$1&"'!" & ADDRESS($C11+1,4))} -> water | N11: {=INDIRECT("'"&N$1&"'!" & ADDRESS($C11+1,3))} -> water | O11: {=INDIRECT("'"&O$1&"'!" & ADDRESS($C11+1,4))} -> water | P11: {=INDIRECT("'"&P$1&"'!" & ADDRESS($C11+1,3))} -> safety | Q11: {=INDIRECT("'"&Q$1&"'!" & ADDRESS($C11+1,4))} -> safety | R11: {=INDIRECT("'"&R$1&"'!" & ADDRESS($C11+1,3))} -> waste | S11: {=INDIRECT("'"&S$1&"'!" & ADDRESS($C11+1,4))} -> waste | T11: {=INDIRECT("'"&T$1&"'!" & ADDRESS($C11+1,3))} -> water | U11: {=INDIRECT("'"&U$1&"'!" & ADDRESS($C11+1,4))} -> road | V11: {=INDIRECT("'"&V$1&"'!" & ADDRESS($C11+1,3))} -> road | W11: {=INDIRECT("'"&W$1&"'!" & ADDRESS($C11+1,4))} -> safety
A12: 10 | B12: =rand_9!$F$2 -> 0.5 | C12: 11 | D12: {=INDIRECT("'"&D$1&"'!" & ADDRESS($C12+1,3))} -> road | E12: {=INDIRECT("'"&E$1&"'!" & ADDRESS($C12+1,4))} -> water | F12: {=INDIRECT("'"&F$1&"'!" & ADDRESS($C12+1,3))} -> safety | G12: {=INDIRECT("'"&G$1&"'!" & ADDRESS($C12+1,4))} -> safety | H12: {=INDIRECT("'"&H$1&"'!" & ADDRESS($C12+1,3))} -> waste | I12: {=INDIRECT("'"&I$1&"'!" & ADDRESS($C12+1,4))} -> waste | J12: {=INDIRECT("'"&J$1&"'!" & ADDRESS($C12+1,3))} -> water | K12: {=INDIRECT("'"&K$1&"'!" & ADDRESS($C12+1,4))} -> water | L12: {=INDIRECT("'"&L$1&"'!" & ADDRESS($C12+1,3))} -> road | M12: {=INDIRECT("'"&M$1&"'!" & ADDRESS($C12+1,4))} -> safety | N12: {=INDIRECT("'"&N$1&"'!" & ADDRESS($C12+1,3))} -> waste | O12: {=INDIRECT("'"&O$1&"'!" & ADDRESS($C12+1,4))} -> safety | P12: {=INDIRECT("'"&P$1&"'!" & ADDRESS($C12+1,3))} -> waste | Q12: {=INDIRECT("'"&Q$1&"'!" & ADDRESS($C12+1,4))} -> safety | R12: {=INDIRECT("'"&R$1&"'!" & ADDRESS($C12+1,3))} -> safety | S12: {=INDIRECT("'"&S$1&"'!" & ADDRESS($C12+1,4))} -> road | T12: {=INDIRECT("'"&T$1&"'!" & ADDRESS($C12+1,3))} -> water | U12: {=INDIRECT("'"&U$1&"'!" & ADDRESS($C12+1,4))} -> water | V12: {=INDIRECT("'"&V$1&"'!" & ADDRESS($C12+1,3))} -> waste | W12: {=INDIRECT("'"&W$1&"'!" & ADDRESS($C12+1,4))} -> waste
A13: Min | B13: =MIN(B3:B12) -> 0.5 | C13: 12 | D13: {=INDIRECT("'"&D$1&"'!" & ADDRESS($C13+1,3))} -> road | E13: {=INDIRECT("'"&E$1&"'!" & ADDRESS($C13+1,4))} -> safety | F13: {=INDIRECT("'"&F$1&"'!" & ADDRESS($C13+1,3))} -> waste | G13: {=INDIRECT("'"&G$1&"'!" & ADDRESS($C13+1,4))} -> waste | H13: {=INDIRECT("'"&H$1&"'!" & ADDRESS($C13+1,3))} -> water | I13: {=INDIRECT("'"&I$1&"'!" & ADDRESS($C13+1,4))} -> water | J13: {=INDIRECT("'"&J$1&"'!" & ADDRESS($C13+1,3))} -> road | K13: {=INDIRECT("'"&K$1&"'!" & ADDRESS($C13+1,4))} -> road | L13: {=INDIRECT("'"&L$1&"'!" & ADDRESS($C13+1,3))} -> water | M13: {=INDIRECT("'"&M$1&"'!" & ADDRESS($C13+1,4))} -> water | N13: {=INDIRECT("'"&N$1&"'!" & ADDRESS($C13+1,3))} -> road | O13: {=INDIRECT("'"&O$1&"'!" & ADDRESS($C13+1,4))} -> safety | P13: {=INDIRECT("'"&P$1&"'!" & ADDRESS($C13+1,3))} -> road | Q13: {=INDIRECT("'"&Q$1&"'!" & ADDRESS($C13+1,4))} -> water | R13: {=INDIRECT("'"&R$1&"'!" & ADDRESS($C13+1,3))} -> waste | S13: {=INDIRECT("'"&S$1&"'!" & ADDRESS($C13+1,4))} -> waste | T13: {=INDIRECT("'"&T$1&"'!" & ADDRESS($C13+1,3))} -> road | U13: {=INDIRECT("'"&U$1&"'!" & ADDRESS($C13+1,4))} -> road | V13: {=INDIRECT("'"&V$1&"'!" & ADDRESS($C13+1,3))} -> waste | W13: {=INDIRECT("'"&W$1&"'!" & ADDRESS($C13+1,4))} -> waste
A14: Max | B14: =MAX(B3:B12) -> 0.66666667
A15: Average | B15: =AVERAGE(B3:B12) -> 0.59166667
C16: road | D16: =COUNTIF(D$2:D$12,$C16) -> 2 | E16: =COUNTIF(E$2:E$12,$C16) -> 0 | F16: =COUNTIF(F$2:F$12,$C16) -> 3 | G16: =COUNTIF(G$2:G$12,$C16) -> 1 | H16: =COUNTIF(H$2:H$12,$C16) -> 3 | I16: =COUNTIF(I$2:I$12,$C16) -> 3 | J16: =COUNTIF(J$2:J$12,$C16) -> 2 | K16: =COUNTIF(K$2:K$12,$C16) -> 1 | ... W16: =COUNTIF(W$2:W$12,$C16) -> 2
C17: waste | D17: =COUNTIF(D$2:D$12,$C17) -> 3 | E17: =COUNTIF(E$2:E$12,$C17) -> 2 | F17: =COUNTIF(F$2:F$12,$C17) -> 2 | G17: =COUNTIF(G$2:G$12,$C17) -> 5 | H17: =COUNTIF(H$2:H$12,$C17) -> 3 | I17: =COUNTIF(I$2:I$12,$C17) -> 1 | J17: =COUNTIF(J$2:J$12,$C17) -> 3 | K17: =COUNTIF(K$2:K$12,$C17) -> 2 | ... W17: =COUNTIF(W$2:W$12,$C17) -> 4
C18: safety | D18: =COUNTIF(D$2:D$12,$C18) -> 3 | E18: =COUNTIF(E$2:E$12,$C18) -> 5 | F18: =COUNTIF(F$2:F$12,$C18) -> 3 | G18: =COUNTIF(G$2:G$12,$C18) -> 4 | H18: =COUNTIF(H$2:H$12,$C18) -> 3 | I18: =COUNTIF(I$2:I$12,$C18) -> 4 | J18: =COUNTIF(J$2:J$12,$C18) -> 3 | K18: =COUNTIF(K$2:K$12,$C18) -> 4 | ... W18: =COUNTIF(W$2:W$12,$C18) -> 2
C19: water | D19: =COUNTIF(D$2:D$12,$C19) -> 3 | E19: =COUNTIF(E$2:E$12,$C19) -> 4 | F19: =COUNTIF(F$2:F$12,$C19) -> 3 | G19: =COUNTIF(G$2:G$12,$C19) -> 1 | H19: =COUNTIF(H$2:H$12,$C19) -> 2 | I19: =COUNTIF(I$2:I$12,$C19) -> 3 | J19: =COUNTIF(J$2:J$12,$C19) -> 3 | K19: =COUNTIF(K$2:K$12,$C19) -> 4 | ... W19: =COUNTIF(W$2:W$12,$C19) -> 3

Sheet rand_42
B1: Request_text | C1: True category | D1: Predicted Category | E1: Feature List | F1: Accuracy
A2: 0 | B2: green waste bags split open and rubbish has scattered on footpath | C2: waste | D2: waste | E2: access | F2: 0.66666667
A3: 1 | B3: graffiti on community centre wall has offensive wording | C3: safety | D3: safety | E3: area
A4: 2 | B4: bus shelter glass panel cracked and dangerous | C4: safety | D4: safety | E4: bin
A5: 3 | B5: deep crack forming on footpath beside the primary school | C5: road | D5: safety | E5: blocked
A6: 4 | B6: overhanging branch above the footpath looks unsafe | C6: safety | D6: safety | E6: broken
A7: 5 | B7: standing water near play area may be a health risk | C7: water | D7: water | E7: causing
A8: 6 | B8: mud and water pooling across the shared path after every shower | C8: water | D8: water | E8: channel
A9: 7 | B9: dumped household items have been left beside the reserve fence | C9: waste | D9: safety | E9: collection
A10: 8 | B10: blocked culvert causing water to back up along the roadside | C10: water | D10: water | E10: cover
A11: 9 | B11: overflowing bin near bus stop is attracting birds and mess | C11: waste | D11: waste | E11: damaged
A12: 10 | B12: footpath surface has lifted and is becoming uneven | C12: road | D12: water | E12: days
A13: 11 | B13: stormwater grate is loose and making loud noise when buses pass | C13: road | D13: safety | E13: difficult
A14: 12 | E14: drain
A15: 13 | E15: drain cover
A16: 14 | E16: entrance
A17: 15 | E17: faded
A18: 16 | E18: flowing
A19: 17 | E19: footpath
A20: 18 | E20: glass
A21: 19 | E21: handrail
A22: 20 | E22: homes
A23: 21 | E23: kerb
A24: 22 | E24: lane
A25: 23 | E25: large
... A60: 58 | E60: water

Sheet rand_1
B1: Request_text | C1: True category | D1: Predicted Category | E1: Feature List | F1: Accuracy
A2: 0 | B2: household rubbish dumped beside reserve entrance overnight | C2: waste | D2: waste | E2: access | F2: 0.5
A3: 1 | B3: footpath surface has lifted and is becoming uneven | C3: road | D3: safety | E3: area
A4: 2 | B4: faded lane markings are difficult to follow in wet weather | C4: road | D4: safety | E4: bags
A5: 3 | B5: overflowing bin near bus stop is attracting birds and mess | C5: waste | D5: waste | E5: bags split
A6: 4 | B6: continuous dripping from council tap in the reserve | C6: water | D6: waste | E6: bin
A7: 5 | B7: graffiti on community centre wall has offensive wording | C7: safety | D7: safety | E7: blocked
A8: 6 | B8: leak from irrigation line in park has created slippery surface | C8: water | D8: waste | E8: branch
A9: 7 | B9: road marking at the roundabout has faded and is hard to see at night | C9: road | D9: waste | E9: broken
A10: 8 | B10: standing water near play area may be a health risk | C10: water | D10: water | E10: bus
A11: 9 | B11: loose paving stones at entrance to library are a trip hazard | C11: safety | D11: road | E11: causing
A12: 10 | B12: playground gate does not close properly and opens onto road | C12: safety | D12: safety | E12: channel
A13: 11 | B13: dog waste bin is full and smell is getting worse | C13: waste | D13: waste | E13: collection
A14: 12 | E14: cover
A15: 13 | E15: cracked
A16: 14 | E16: damaged
A17: 15 | E17: days
A18: 16 | E18: drain
A19: 17 | E19: drain cover
A20: 18 | E20: fence
A21: 19 | E21: flowing
A22: 20 | E22: footpath
A23: 21 | E23: footpath looks
A24: 22 | E24: glass
A25: 23 | E25: handrail
... A67: 65 | E67: water

Sheet rand_2
B1: Request_text | C1: True category | D1: Predicted Category | E1: Feature List | F1: Accuracy
A2: 0 | B2: playground gate does not close properly and opens onto road | C2: safety | D2: safety | E2: area | F2: 0.66666667
A3: 1 | B3: missing drain cover creates risk beside flowing water | C3: water | D3: water | E3: attracting
A4: 2 | B4: loose grating beside the carriageway rattles under traffic | C4: road | D4: road | E4: bags
A5: 3 | B5: several potholes along school dropoff area need urgent repair | C5: road | D5: safety | E5: bags split
A6: 4 | B6: stormwater drain blocked with leaves causing ponding after rain | C6: water | D6: water | E6: bin
A7: 5 | B7: damaged kerb ramp makes wheelchair access difficult | C7: road | D7: road | E7: blocked
A8: 6 | B8: broken glass around the rubbish area near the playground | C8: waste | D8: safety | E8: branch
A9: 7 | B9: illegal dumping of furniture behind the shops on ferry road | C9: waste | D9: road | E9: broken
A10: 8 | B10: damaged fence at reserve allows easy access to construction site | C10: safety | D10: water | E10: bus
A11: 9 | B11: bus shelter glass panel cracked and dangerous | C11: safety | D11: safety | E11: bus stop
A12: 10 | B12: dog waste bin is full and smell is getting worse | C12: waste | D12: waste | E12: causing
A13: 11 | B13: standing water near play area may be a health risk | C13: water | D13: water | E13: channel
A14: 12 | E14: collection
A15: 13 | E15: community
A16: 14 | E16: days
A17: 15 | E17: drain
A18: 16 | E18: dumped
A19: 17 | E19: entrance
A20: 18 | E20: faded
A21: 19 | E21: footpath
A22: 20 | E22: footpath looks
A23: 21 | E23: glass
A24: 22 | E24: handrail
A25: 23 | E25: homes
... A63: 61 | E63: water

Sheet rand_3
B1: Request_text | C1: True category | D1: Predicted Category | E1: Feature List | F1: Accuracy
A2: 0 | B2: water leak near the verge is running across the footpath | C2: water | D2: water | E2: access | F2: 0.58333333
A3: 1 | B3: streetlight failure has left the walkway dark at night | C3: safety | D3: road | E3: area
A4: 2 | B4: recycling bins overflowing beside the community hall | C4: waste | D4: safety | E4: attracting
A5: 3 | B5: pothole developing near the intersection and drivers are swerving around it | C5: road | D5: water | E5: bags
A6: 4 | B6: public litter bin in the park has not been emptied for days | C6: waste | D6: waste | E6: bags split
A7: 5 | B7: bus shelter glass panel cracked and dangerous | C7: safety | D7: safety | E7: bin
A8: 6 | B8: standing water near play area may be a health risk | C8: water | D8: water | E8: blocked
A9: 7 | B9: playground gate does not close properly and opens onto road | C9: safety | D9: safety | E9: branch
A10: 8 | B10: recycling was missed on collection day for several homes | C10: waste | D10: safety | E10: broken
A11: 9 | B11: several potholes along school dropoff area need urgent repair | C11: road | D11: waste | E11: bus
A12: 10 | B12: burst water main has reduced pressure in nearby homes | C12: water | D12: water | E12: bus stop
A13: 11 | B13: loose metal on road shoulder is creating dust and safety risk | C13: road | D13: road | E13: causing
A14: 12 | E14: channel
A15: 13 | E15: cover
A16: 14 | E16: damaged
A17: 15 | E17: difficult
A18: 16 | E18: drain
A19: 17 | E19: drain cover
A20: 18 | E20: dumped
A21: 19 | E21: entrance
A22: 20 | E22: faded
A23: 21 | E23: fence
A24: 22 | E24: flowing
A25: 23 | E25: footpath
... A64: 62 | E64: water

Sheet rand_4
B1: Request_text | C1: True category | D1: Predicted Category | E1: Feature List | F1: Accuracy
A2: 0 | B2: overhanging branch above the footpath looks unsafe | C2: safety | D2: safety | E2: access | F2: 0.58333333
A3: 1 | B3: handrail on pedestrian bridge is loose | C3: safety | D3: road | E3: area
A4: 2 | B4: strong wastewater smell near the channel suggests a pipe issue | C4: water | D4: water | E4: bags
A5: 3 | B5: overflowing bin near bus stop is attracting birds and mess | C5: waste | D5: waste | E5: bags split
A6: 4 | B6: pothole developing near the intersection and drivers are swerving around it | C6: road | D6: water | E6: bin
A7: 5 | B7: road marking at the roundabout has faded and is hard to see at night | C7: road | D7: waste | E7: blocked
A8: 6 | B8: bus shelter glass panel cracked and dangerous | C8: safety | D8: safety | E8: broken
A9: 7 | B9: dog waste bin is full and smell is getting worse | C9: waste | D9: waste | E9: causing
A10: 8 | B10: litter around the park picnic area needs urgent cleanup | C10: waste | D10: road | E10: collection
A11: 9 | B11: burst water main has reduced pressure in nearby homes | C11: water | D11: water | E11: community
A12: 10 | B12: broken curb stone on corner is blocking pram access | C12: road | D12: safety | E12: cover
A13: 11 | B13: water leaking from pipe near footpath and flowing onto road | C13: water | D13: water | E13: damaged
A14: 12 | E14: days
A15: 13 | E15: difficult
A16: 14 | E16: drain
A17: 15 | E17: drain cover
A18: 16 | E18: dumped
A19: 17 | E19: entrance
A20: 18 | E20: fence
A21: 19 | E21: footpath
A22: 20 | E22: glass
A23: 21 | E23: household
A24: 22 | E24: kerb
A25: 23 | E25: lane
... A61: 59 | E61: water

Sheet rand_5
B1: Request_text | C1: True category | D1: Predicted Category | E1: Feature List | F1: Accuracy
A2: 0 | B2: cracked glass at the shelter is hazardous to the public | C2: safety | D2: safety | E2: access | F2: 0.58333333
A3: 1 | B3: blocked culvert causing water to back up along the roadside | C3: water | D3: water | E3: area
A4: 2 | B4: stormwater grate is loose and making loud noise when buses pass | C4: road | D4: safety | E4: bags
A5: 3 | B5: continuous dripping from council tap in the reserve | C5: water | D5: waste | E5: bags split
A6: 4 | B6: recycling bins overflowing beside the community hall | C6: waste | D6: waste | E6: bin
A7: 5 | B7: playground gate does not close properly and opens onto road | C7: safety | D7: waste | E7: blocked
A8: 6 | B8: public litter bin in the park has not been emptied for days | C8: waste | D8: waste | E8: branch
A9: 7 | B9: broken swing chain at playground could injure children | C9: safety | D9: safety | E9: broken
A10: 8 | B10: damaged kerb ramp makes wheelchair access difficult | C10: road | D10: road | E10: bus
A11: 9 | B11: drain cover missing and water channel exposed beside kerb | C11: water | D11: water | E11: causing
A12: 10 | B12: overflowing bin near bus stop is attracting birds and mess | C12: waste | D12: safety | E12: collection
A13: 11 | B13: deep crack forming on footpath beside the primary school | C13: road | D13: safety | E13: drain
A14: 12 | E14: dumped
A15: 13 | E15: entrance
A16: 14 | E16: faded
A17: 15 | E17: fence
A18: 16 | E18: flowing
A19: 17 | E19: footpath
A20: 18 | E20: footpath looks
A21: 19 | E21: glass
A22: 20 | E22: handrail
A23: 21 | E23: homes
A24: 22 | E24: household
A25: 23 | E25: lane
... A64: 62 | E64: water

Sheet rand_6
B1: Request_text | C1: True category | D1: Predicted Category | E1: Feature List | F1: Accuracy
A2: 0 | B2: leak from irrigation line in park has created slippery surface | C2: water | D2: waste | E2: access | F2: 0.66666667
A3: 1 | B3: recycling bins overflowing beside the community hall | C3: waste | D3: waste | E3: area
A4: 2 | B4: deep crack forming on footpath beside the primary school | C4: road | D4: road | E4: attracting
A5: 3 | B5: stormwater drain blocked with leaves causing ponding after rain | C5: water | D5: water | E5: bin
A6: 4 | B6: blocked drain is causing surface flooding after rain | C6: water | D6: water | E6: broken
A7: 5 | B7: broken swing chain at playground could injure children | C7: safety | D7: safety | E7: bus
A8: 6 | B8: green waste bags split open and rubbish has scattered on footpath | C8: waste | D8: waste | E8: bus stop
A9: 7 | B9: loose paving stones at entrance to library are a trip hazard | C9: safety | D9: road | E9: causing
A10: 8 | B10: loose metal on road shoulder is creating dust and safety risk | C10: road | D10: road | E10: channel
A11: 9 | B11: overhanging branch above the footpath looks unsafe | C11: safety | D11: safety | E11: collection
A12: 10 | B12: waste bags have split and contents are spread across the path | C12: waste | D12: safety | E12: cover
A13: 11 | B13: pothole developing near the intersection and drivers are swerving around it | C13: road | D13: water | E13: cracked
A14: 12 | E14: damaged
A15: 13 | E15: days
A16: 14 | E16: difficult
A17: 15 | E17: drain
A18: 16 | E18: drain cover
A19: 17 | E19: dumped
A20: 18 | E20: faded
A21: 19 | E21: fence
A22: 20 | E22: flowing
A23: 21 | E23: footpath
A24: 22 | E24: glass
A25: 23 | E25: handrail
... A64: 62 | E64: water

Sheet rand_7
B1: Request_text | C1: True category | D1: Predicted Category | E1: Feature List | F1: Accuracy
A2: 0 | B2: street sign has fallen over after strong winds | C2: road | D2: water | E2: access | F2: 0.66666667
A3: 1 | B3: stormwater grate is loose and making loud noise when buses pass | C3: road | D3: safety | E3: area
A4: 2 | B4: loose metal on road shoulder is creating dust and safety risk | C4: road | D4: safety | E4: bin
A5: 3 | B5: burst water main has reduced pressure in nearby homes | C5: water | D5: water | E5: blocked
A6: 4 | B6: bus shelter glass panel cracked and dangerous | C6: safety | D6: safety | E6: broken
A7: 5 | B7: water leaking from pipe near footpath and flowing onto road | C7: water | D7: water | E7: bus
A8: 6 | B8: poor lighting in alleyway behind shops is attracting unsafe behaviour | C8: safety | D8: safety | E8: bus stop
A9: 7 | B9: missing drain cover creates risk beside flowing water | C9: water | D9: water | E9: causing
A10: 8 | B10: green waste bags split open and rubbish has scattered on footpath | C10: waste | D10: waste | E10: channel
A11: 9 | B11: recycling crate was not collected even though it was placed out on time | C11: waste | D11: waste | E11: collection
A12: 10 | B12: large branch hanging over footpath looks like it may fall | C12: safety | D12: road | E12: community
A13: 11 | B13: household rubbish dumped beside reserve entrance overnight | C13: waste | D13: waste | E13: damaged
A14: 12 | E14: days
A15: 13 | E15: difficult
A16: 14 | E16: drain
A17: 15 | E17: faded
A18: 16 | E18: fence
A19: 17 | E19: footpath
A20: 18 | E20: glass
A21: 19 | E21: handrail
A22: 20 | E22: kerb
A23: 21 | E23: lane
A24: 22 | E24: leak
A25: 23 | E25: left
... A60: 58 | E60: water

Sheet rand_8
B1: Request_text | C1: True category | D1: Predicted Category | E1: Feature List | F1: Accuracy
A2: 0 | B2: loose handrail on stairs needs urgent attention | C2: safety | D2: road | E2: access | F2: 0.5
A3: 1 | B3: dog waste bin is full and smell is getting worse | C3: waste | D3: waste | E3: area
A4: 2 | B4: public litter bin in the park has not been emptied for days | C4: waste | D4: safety | E4: bags
A5: 3 | B5: overflowing bin near bus stop is attracting birds and mess | C5: waste | D5: safety | E5: bags split
A6: 4 | B6: standing water remains near the playground for days | C6: water | D6: water | E6: blocked
A7: 5 | B7: handrail on pedestrian bridge is loose | C7: safety | D7: road | E7: branch
A8: 6 | B8: deep crack forming on footpath beside the primary school | C8: road | D8: road | E8: broken
A9: 7 | B9: cracked glass at the shelter is hazardous to the public | C9: safety | D9: safety | E9: bus
A10: 8 | B10: street sign has fallen over after strong winds | C10: road | D10: water | E10: causing
A11: 9 | B11: leak from irrigation line in park has created slippery surface | C11: water | D11: road | E11: channel
A12: 10 | B12: stormwater drain blocked with leaves causing ponding after rain | C12: water | D12: water | E12: collection
A13: 11 | B13: glass and loose gravel left on cycle lane near hagley park | C13: road | D13: road | E13: community
A14: 12 | E14: cover
A15: 13 | E15: damaged
A16: 14 | E16: difficult
A17: 15 | E17: drain
A18: 16 | E18: drain cover
A19: 17 | E19: dumped
A20: 18 | E20: entrance
A21: 19 | E21: faded
A22: 20 | E22: fence
A23: 21 | E23: flowing
A24: 22 | E24: footpath
A25: 23 | E25: footpath looks
... A61: 59 | E61: water

Sheet rand_9
B1: Request_text | C1: True category | D1: Predicted Category | E1: Feature List | F1: Accuracy
A2: 0 | B2: standing water remains near the playground for days | C2: water | D2: water | E2: access | F2: 0.5
A3: 1 | B3: blocked culvert causing water to back up along the roadside | C3: water | D3: water | E3: area
A4: 2 | B4: dog waste bin is full and smell is getting worse | C4: waste | D4: waste | E4: bags
A5: 3 | B5: broken playground equipment could cause injury | C5: safety | D5: road | E5: bags split
A6: 4 | B6: broken swing chain at playground could injure children | C6: safety | D6: road | E6: bin
A7: 5 | B7: footpath surface has lifted and is becoming uneven | C7: road | D7: safety | E7: branch
A8: 6 | B8: blocked drain is causing surface flooding after rain | C8: water | D8: water | E8: broken
A9: 7 | B9: road marking at the roundabout has faded and is hard to see at night | C9: road | D9: waste | E9: bus
A10: 8 | B10: playground gate does not close properly and opens onto road | C10: safety | D10: waste | E10: causing
A11: 9 | B11: loose grating beside the carriageway rattles under traffic | C11: road | D11: safety | E11: channel
A12: 10 | B12: overflowing bin near bus stop is attracting birds and mess | C12: waste | D12: waste | E12: collection
A13: 11 | B13: household rubbish dumped beside reserve entrance overnight | C13: waste | D13: waste | E13: community
A14: 12 | E14: cover
A15: 13 | E15: cracked
A16: 14 | E16: damaged
A17: 15 | E17: difficult
A18: 16 | E18: drain
A19: 17 | E19: drain cover
A20: 18 | E20: fence
A21: 19 | E21: flowing
A22: 20 | E22: footpath
A23: 21 | E23: footpath looks
A24: 22 | E24: glass
A25: 23 | E25: handrail
... A65: 63 | E65: water
